{
  "GNN-CallTree-GIN": {
    "method_name": "GNN-CallTree-GIN",
    "method_type": "deep_learning_gnn",
    "per_file_results": {
      "event_event_12_Dough_Finance_0x67104175_20250806_112111_labeled.csv": {
        "attack_hit_rate": 0.6666666666666666,
        "precision": 0.2,
        "recall": 0.6666666666666666,
        "accuracy": 0.6086956521739131,
        "f1": 0.30769230769230765,
        "TP": 6,
        "FP": 24,
        "FN": 3,
        "TN": 36,
        "total_attack_paths": 9,
        "hit_attack_paths": 6,
        "actual_k": 30,
        "total_paths_after_dedup": 69
      },
      "event_event_13_UwU_Lend_0x841ddf09_20250806_112739_labeled.csv": {
        "attack_hit_rate": 0.5384615384615384,
        "precision": 0.23333333333333334,
        "recall": 0.5384615384615384,
        "accuracy": 0.6813186813186813,
        "f1": 0.32558139534883723,
        "TP": 7,
        "FP": 23,
        "FN": 6,
        "TN": 55,
        "total_attack_paths": 13,
        "hit_attack_paths": 7,
        "actual_k": 30,
        "total_paths_after_dedup": 91
      },
      "event_event_14_Pike_Finance_0x19066f74_20250806_112841_labeled.csv": {
        "attack_hit_rate": 1.0,
        "precision": 0.18181818181818182,
        "recall": 1.0,
        "accuracy": 0.18181818181818182,
        "f1": 0.3076923076923077,
        "TP": 4,
        "FP": 18,
        "FN": 0,
        "TN": 0,
        "total_attack_paths": 4,
        "hit_attack_paths": 4,
        "actual_k": 22,
        "total_paths_after_dedup": 22
      },
      "event_event_15_JokInTheBoxETH_0xfcd4acbc_20250806_113026_labeled.csv": {
        "attack_hit_rate": 1.0,
        "precision": 0.1,
        "recall": 1.0,
        "accuracy": 0.1,
        "f1": 0.18181818181818182,
        "TP": 3,
        "FP": 27,
        "FN": 0,
        "TN": 0,
        "total_attack_paths": 3,
        "hit_attack_paths": 3,
        "actual_k": 30,
        "total_paths_after_dedup": 30
      },
      "event_event_1_Blueberry_Protocol_0x3aa228a8_20250806_104150_labeled.csv": {
        "attack_hit_rate": 1.0,
        "precision": 0.7333333333333333,
        "recall": 1.0,
        "accuracy": 0.8260869565217391,
        "f1": 0.846153846153846,
        "TP": 22,
        "FP": 8,
        "FN": 0,
        "TN": 16,
        "total_attack_paths": 22,
        "hit_attack_paths": 22,
        "actual_k": 30,
        "total_paths_after_dedup": 46
      },
      "event_event_1_Shezmu_0xa3a64255_20250811_102553_labeled.csv": {
        "attack_hit_rate": 1.0,
        "precision": 0.08333333333333333,
        "recall": 1.0,
        "accuracy": 0.08333333333333333,
        "f1": 0.15384615384615385,
        "TP": 1,
        "FP": 11,
        "FN": 0,
        "TN": 0,
        "total_attack_paths": 1,
        "hit_attack_paths": 1,
        "actual_k": 12,
        "total_paths_after_dedup": 12
      },
      "event_event_2_Barley_Finance_0x356e7481_20250806_104404_labeled.csv": {
        "attack_hit_rate": 0.6666666666666666,
        "precision": 0.13333333333333333,
        "recall": 0.6666666666666666,
        "accuracy": 0.2631578947368421,
        "f1": 0.2222222222222222,
        "TP": 4,
        "FP": 26,
        "FN": 2,
        "TN": 6,
        "total_attack_paths": 6,
        "hit_attack_paths": 4,
        "actual_k": 30,
        "total_paths_after_dedup": 38
      },
      "event_event_2_Spectra_0x53635bf7_20250811_104636_labeled.csv": {
        "attack_hit_rate": 0.0,
        "precision": 0.0,
        "recall": 0.0,
        "accuracy": 0.7083333333333334,
        "f1": 0.0,
        "TP": 0,
        "FP": 30,
        "FN": 5,
        "TN": 85,
        "total_attack_paths": 5,
        "hit_attack_paths": 0,
        "actual_k": 30,
        "total_paths_after_dedup": 120
      },
      "event_event_3_Vestra_DAO_0x954386cb_20250811_154020_labeled.csv": {
        "attack_hit_rate": 1.0,
        "precision": 0.15789473684210525,
        "recall": 1.0,
        "accuracy": 0.15789473684210525,
        "f1": 0.2727272727272727,
        "TP": 3,
        "FP": 16,
        "FN": 0,
        "TN": 0,
        "total_attack_paths": 3,
        "hit_attack_paths": 3,
        "actual_k": 19,
        "total_paths_after_dedup": 19
      },
      "event_event_4_Prisma_Finance_0x7e39e3b3_20250811_164442_labeled.csv": {
        "attack_hit_rate": 1.0,
        "precision": 0.1,
        "recall": 1.0,
        "accuracy": 0.7452830188679245,
        "f1": 0.18181818181818182,
        "TP": 3,
        "FP": 27,
        "FN": 0,
        "TN": 76,
        "total_attack_paths": 3,
        "hit_attack_paths": 3,
        "actual_k": 30,
        "total_paths_after_dedup": 106
      },
      "event_event_4_Wise_Lending_0xb90cf1d7_20250806_105402_labeled.csv": {
        "attack_hit_rate": 0.4666666666666667,
        "precision": 0.23333333333333334,
        "recall": 0.4666666666666667,
        "accuracy": 0.8669527896995708,
        "f1": 0.31111111111111117,
        "TP": 7,
        "FP": 23,
        "FN": 8,
        "TN": 195,
        "total_attack_paths": 15,
        "hit_attack_paths": 7,
        "actual_k": 30,
        "total_paths_after_dedup": 233
      },
      "event_event_5_UniLend_0x55f5f805_20250806_105536_labeled.csv": {
        "attack_hit_rate": 0.0,
        "precision": 0.0,
        "recall": 0.0,
        "accuracy": 0.42105263157894735,
        "f1": 0.0,
        "TP": 0,
        "FP": 30,
        "FN": 3,
        "TN": 24,
        "total_attack_paths": 3,
        "hit_attack_paths": 0,
        "actual_k": 30,
        "total_paths_after_dedup": 57
      },
      "event_event_6_Euler_Finance_0xebc29199_20250806_105743_labeled.csv": {
        "attack_hit_rate": 0.6666666666666666,
        "precision": 0.4666666666666667,
        "recall": 0.6666666666666666,
        "accuracy": 0.6714285714285714,
        "f1": 0.5490196078431373,
        "TP": 14,
        "FP": 16,
        "FN": 7,
        "TN": 33,
        "total_attack_paths": 21,
        "hit_attack_paths": 14,
        "actual_k": 30,
        "total_paths_after_dedup": 70
      },
      "event_event_8_OTSea_0x00000000_20250806_110443_labeled.csv": {
        "attack_hit_rate": 1.0,
        "precision": 0.10714285714285714,
        "recall": 1.0,
        "accuracy": 0.10714285714285714,
        "f1": 0.19354838709677416,
        "TP": 3,
        "FP": 25,
        "FN": 0,
        "TN": 0,
        "total_attack_paths": 3,
        "hit_attack_paths": 3,
        "actual_k": 28,
        "total_paths_after_dedup": 28
      },
      "event_event_9_Dexible_0x684083f3_20250806_110455_labeled.csv": {
        "attack_hit_rate": 1.0,
        "precision": 0.2777777777777778,
        "recall": 1.0,
        "accuracy": 0.2777777777777778,
        "f1": 0.4347826086956522,
        "TP": 5,
        "FP": 13,
        "FN": 0,
        "TN": 0,
        "total_attack_paths": 5,
        "hit_attack_paths": 5,
        "actual_k": 18,
        "total_paths_after_dedup": 18
      }
    },
    "macro_metrics": {
      "attack_hit_rate": 0.7336752136752137,
      "precision": 0.2005311257942837,
      "recall": 0.7336752136752137,
      "f1": 0.28586757227106574,
      "accuracy": 0.446685094438252
    },
    "micro_metrics": {
      "attack_hit_rate": 0.7068965517241379,
      "precision": 0.20551378446115287,
      "recall": 0.7068965517241379,
      "f1": 0.31844660194174756,
      "accuracy": 0.6339937434827946
    },
    "total_files": 15,
    "model_config": {
      "name": "GNN-CallTree-GIN",
      "model_type": "gin",
      "embedding_dim": 64,
      "hidden_dim": 128,
      "num_layers": 3,
      "dropout": 0.3,
      "numerical_features": 14
    },
    "train_config": {
      "learning_rate": 0.001,
      "weight_decay": 0.0001,
      "num_epochs": 50,
      "batch_size": 32,
      "patience": 10,
      "loss_type": "bce"
    }
  },
  "GNN-CallTree-SAGE": {
    "method_name": "GNN-CallTree-SAGE",
    "method_type": "deep_learning_gnn",